{
  "_fv": 18,
  "_type": "tool",
  "definition": {
    "renderType": 0,
    "texture": "unknownswordtexture",
    "customModelName": "Normal",
    "name": "Unknownpick",
    "specialInfo": [
      "Pretty Dang strong"
    ],
    "creativeTab": {
      "value": "TOOLS"
    },
    "toolType": "Pickaxe",
    "harvestLevel": 1,
    "efficiency": 106.0,
    "attackSpeed": 20.0,
    "enchantability": 70,
    "damageVsEntity": 10.0,
    "usageCount": 200,
    "blocksAffected": [],
    "hasGlow": true,
    "repairItems": [],
    "immuneToFire": true,
    "stayInGridWhenCrafting": false,
    "damageOnCrafting": false
  }
}