{
  "_fv": 18,
  "_type": "gun",
  "definition": {
    "renderType": 0,
    "texture": "unknownswordtexture",
    "customModelName": "Normal",
    "name": "Unknownweapon",
    "specialInfo": [
      "Very powerful"
    ],
    "creativeTab": {
      "value": "COMBAT"
    },
    "stackSize": 1,
    "ammoItem": {
      "value": ""
    },
    "shootConstantly": false,
    "usageCount": 100,
    "actionSound": {
      "value": "entity.arrow.shoot"
    },
    "hasGlow": true,
    "animation": "bow",
    "enableMeleeDamage": true,
    "damageVsEntity": 20.0,
    "bulletPower": 10.0,
    "bulletDamage": 20.0,
    "bulletKnockback": 10,
    "bulletParticles": true,
    "bulletIgnitesFire": true,
    "bulletItemTexture": {
      "value": "CUSTOM:Unknownsword"
    },
    "bulletModel": "Default",
    "customBulletModelTexture": "dontenter.png"
  }
}