{
  "_fv": 18,
  "_type": "tool",
  "definition": {
    "renderType": 0,
    "texture": "unknownswordtexture",
    "customModelName": "Normal",
    "name": "Unknownsword",
    "specialInfo": [
      "Powerful",
      "Used by the gods"
    ],
    "creativeTab": {
      "value": "COMBAT"
    },
    "toolType": "Sword",
    "harvestLevel": 1,
    "efficiency": 5.0,
    "attackSpeed": 20.0,
    "enchantability": 50,
    "damageVsEntity": 40.0,
    "usageCount": 340,
    "blocksAffected": [],
    "hasGlow": true,
    "repairItems": [
      {
        "value": "Items.GHAST_TEAR"
      }
    ],
    "immuneToFire": true,
    "stayInGridWhenCrafting": false,
    "damageOnCrafting": false,
    "onRightClickedInAir": {
      "name": "UnknownswordRightClickedInAir"
    }
  }
}