{
  "_fv": 18,
  "_type": "armor",
  "definition": {
    "enableHelmet": true,
    "textureHelmet": "unknownswordtexture",
    "enableBody": true,
    "textureBody": "unknownswordtexture",
    "enableLeggings": true,
    "textureLeggings": "unknownswordtexture",
    "enableBoots": true,
    "textureBoots": "unknownswordtexture",
    "creativeTab": {
      "value": "COMBAT"
    },
    "armorTextureFile": "armortexture2",
    "helmetName": "Unknownarmor Helmet",
    "bodyName": "Unknownarmor Body",
    "leggingsName": "Unknownarmor Leggings",
    "bootsName": "Unknownarmor Boots",
    "helmetSpecialInfo": [],
    "bodySpecialInfo": [],
    "leggingsSpecialInfo": [],
    "bootsSpecialInfo": [],
    "helmetModelName": "Default",
    "helmetModelPart": "Helmet",
    "helmetModelTexture": "From armor",
    "bodyModelName": "Default",
    "bodyModelPart": "Body",
    "armsModelPartL": "Arms L",
    "armsModelPartR": "Arms R",
    "bodyModelTexture": "From armor",
    "leggingsModelName": "Default",
    "leggingsModelPartL": "Leggings L",
    "leggingsModelPartR": "Leggings R",
    "leggingsModelTexture": "From armor",
    "bootsModelName": "Default",
    "bootsModelPartL": "Boots L",
    "bootsModelPartR": "Boots R",
    "bootsModelTexture": "From armor",
    "maxDamage": 200,
    "damageValueHelmet": 100,
    "damageValueBody": 105,
    "damageValueLeggings": 101,
    "damageValueBoots": 109,
    "enchantability": 100,
    "toughness": 10.0,
    "knockbackResistance": 5.0,
    "equipSound": {
      "value": "entity.ghast.scream"
    },
    "repairItems": []
  }
}