{
  "_fv": 18,
  "_type": "dimension",
  "definition": {
    "biomesInDimension": [
      {
        "value": "end_highlands"
      }
    ],
    "worldGenType": "Normal world gen",
    "mainFillerBlock": {
      "value": "Blocks.STONEBRICK#1"
    },
    "fluidBlock": {
      "value": "Blocks.FLOWING_WATER"
    },
    "airColor": {
      "value": -65536,
      "falpha": 0.0
    },
    "canRespawnHere": false,
    "hasFog": true,
    "isDark": false,
    "doesWaterVaporize": false,
    "sleepResult": "DENY",
    "hasSkyLight": false,
    "imitateOverworldBehaviour": false,
    "portalFrame": {
      "value": "Blocks.LEAVES"
    },
    "portalParticles": {
      "value": "SMOKE_LARGE"
    },
    "portalLuminance": 10,
    "portalSound": {
      "value": "block.portal.ambient"
    },
    "igniterName": "Unknowndimension Portal Igniter",
    "igniterTab": {
      "value": "TOOLS"
    },
    "texture": "unknownswordtexture",
    "portalTexture": "donotenter",
    "enablePortal": true
  }
}